Yellow Submarine,333,,Pink,57.6324,19.21,
Yellow Submarine,333,,Yellow,68.3676,22.79,
Metamorphosis,297,,,,,
Experimenter,364,,Blue,37.95,12.65,
Experimenter,364,,Gold,37.95,12.65,
Experimenter,364,,Pink,37.95,12.65,
Experimenter,364,,Purple,13.2,4.4,
Experimenter,364,,White,37.95,12.65,
Foot Soak and Fancy Free,520,,,,,
New Think Pink,572,,Outer,47.690864,15.9,
New Think Pink,572,,Silver,47.690864,15.9,
New Think Pink,572,,Vivid,68.11558,22.71,
New Think Pink,572,,Spray,8,0,
Cheer up Buttercup,728,,Pink,35.829091,11.94
Cheer Up Buttercup,728,,Yellow,54.170909,18.06
Lava Lamp,788,,,,,
Sex Bomb,988,sex_bomb,Pink,127.6875,42.56
Sex Bomb,988,sex_bomb,Purple,42.5625,14.19
Tisty Tosty,1103,,Tisty Tosty,86.25,28.75
Big Blue,1040,,Salt,6.55,0
Big Blue,1040,,Blue,65.9175,27.58
Big Blue,1040,,White,6.6,3.3
Sakura,1144,,,,,
Avobath,1404,avobath,Green,155.25,51.75
Rocket,312,,Rocket Science Blue,60.967,20.32,
Rocket,312,,Rocket Science Pink,28.48,9.49,
Rocket,312,,Rocket Science Yellow,7.29,2.43,
Rocket,312,,Stars For Rocket,0.080745,0,
Rocket,312,,Lustre For Rocket,0.056604,0,
Ickle Robot,2184,,Ickle Bot,78,26,
Butterball,2080, butterball,,,,
Goddess,468, goddess,Goddess Green,28.8624,9.62,
Goddess,468, goddess,Goddess Lilac,50.5344,16.84,
Goddess,468, goddess,Goddess Purple,59.9088,19.97,
Goddess,468, goddess,Goddess Silver,28.6944,9.56,
Crystal Ball,62,,Crystal Ball - Green,20,6.67,
Crystal Ball,62,,Crystal Ball - Orange,130,43.33,
Crystal Ball,62,,Crystal Ball - Purple,50,16.67,
Crystal Ball,62,,Crystal Ball - White Outer,424.6668182,130.67,
Crystal Ball,62,,Crystal Ball - Salt for White,373.336289,0,
Karma SPA,312,,,,,
Dream Steam,2600,,Dream Steam,8.25,3.45,
Big Blue Spa,1560, big_blue,,,,
Volcano Spa,343,,,,,
Toner Tab,4160,,Toner tab - Vit Tea Tree,7.5,2.5,
Intergalatic Spa,655,,Intergalactic Spa Blue,62.01,20.67,
Intergalatic Spa,655,,Intergalactic Spa Red,8.745,2.92,
Intergalatic Spa,655,,Intergalactic Spa Yellow,8.745,2.92,
Secret Arts,398,,Secret arts main,103.448,34.48,
The Big Sleep,373,,The big sleep Main,108.362,36.12,
Guardian of the Forest (INC INSERTS),312,,,,,
Ylang Song Bombshell,319,,Ylang Song - Flower mix,3.8,1.27,
Ylang Song Bombshell,319,,Ylang Song - Green,25.3219,8.44,
Ylang Song Bombshell,319,,Ylang Song - White,124.6615,41.55,
Cyanide,431,,Cyanide Pink,6.6,2.2,
Cyanide,431,,Cyanide Silver,8.2992,2.77,
Cyanide,431,,Cyanide White,43.1557,14.39,
Cyanide,431,,Cyanide Yellow,43.1557,14.39,
Little Bottle of Calm,624,,,,,
Sleepy,1456, sleepy_shower_bomb,Sleepy ShowerBomb,42.079573,5.47,
Sleepy,1456, sleepy_shower_bomb,Lustre For Sleepy,0.0045,0,
Not Sleepy,1456,not_sleepy,Not Sleepy Shower Bomb,42.293,5.5,
Karma Shower Bomb,1384,,Karma Shower Bomb,39.217,5.1,
Butterbear,2130,,,,,
Golden Wonder,587,,Golden Wonder Blue,25,8.33,
Golden Wonder,587,,Golden Wonder Gold,93,31,
Golden Wonder,587,,Golden Wonder Orange,1.3,0.43,
Golden Wonder,587,,Golden Wonder Pink,1.3,0.43,
Golden Wonder,587,,Golden Wonder White,22.5,7.5,
Golden Wonder,587,,Golden Wonder Yellow,1.3,0.43,
Golden Wonder,587,,Golden Wonder - Spray,5,0,
Golden Wonder Boxes,4160,,,,,
Golden Wonder Boxes Alcohol Free,4160,,Golden Wonder ALC FREE - Blue,25,8.33,
Golden Wonder Dots - Orange,26000,,,,,
Golden Wonder Dots - Yellow,26000,,,,,
Golden Wonder Dots - Pink,26000,,,,,
Golden Wonder Alcohol Free,587,,Golden Wonder ALC FREE - Gold,93,31,
Golden Wonder Alcohol Free,587,,Golden Wonder ALC FREE - White,22.5,7.5,
Cherry Christmas,390,,,,,
Snow Fairy,426,,,,,
Holey Night,383,,,32.8,10.93,
Shoot For the Stars,624,shoot_for_the_stars,,,,
The Worlds Smallest Disco (DOTS) Pink,26000,,,,,
The Worlds Smallest Disco (DOTS) Orange,26000,,,,,
The Worlds Smallest Disco (DOTS) Green,26000,,,,,
The Worlds Smallest Disco (DOTS) Blue,26000,,,,,
The Worlds Smallest Disco (DOTS) Yellow,26000,,,,,
Santa Gift Top,186,,,102,34,
Santa Gift Bottom,266,,,194.7,64.9,
Princess Gift Top,186,,Princess Top Blue,25.8,8.6,
Princess Gift Bottom,639,,Princess Bottom Pink,187.5,62.5,
Perle De Sel,608,,,106.764,35.59,
Perle De Sel,608,,Perle De Sel '21 WHITE,89.19,29.73,
Perle De Sel,608,,Perle De Sel '21 BLUE,34.61,11.54,
Perle De Sel,608,,Perle De Sel '21 GREEN,34.61,11.54,
Perle De Sel,608,,Perle De Sel '21 DECO,3.34,,
LOM With Insert,652,,,,,
Monster Ball With Insert,466,,,,,
Ectoplasm,362,,,109.665,36.56,
Eyeball,426,,,150.0851,50.03,
Giant Rose Bomb Shell,95,,,,,
Rose Bomb Shell,274,,,,,
Superdad,312,,Superdad Blue,123.3,41.1,
Superdad,312,,Superdad Red,12.6,4.2,
Superdad,312,,Superdad Yellow,2.9,0.97,
Which Came First Sun,174,,,,,
Which Came First Spot,174,,,,,
What Came First INSERTS,1090,,,,,
Golden Egg Insert,1635,,Golden Egg '21 - Insert,50.895,16.97,
New Tisty Tosty,437,,,,,
Mum look what I made for you,218,,,,,
April Showers,218,,,,,
Dashing Santa,283,,,,,
Bombardino,468,,Bombardino - White,32,10.67,
Bombardino,468,,Bombardino - Yellow,48,16,
Jingle Spell,1051,,Jingle Spell,172.44,57.48,
May Day,873,,,,,
Sky Dance / Hen Harrier,220,,,,,
Bug Splash,277,,,,,
Fox,326,,Fox - Orange,70,23.33,
Fox,326,,Fox - White,2,0.67,
Cutting Moulds,1783,,,,,
Birth of a Star,81,,,,,
Think Pink OLD,1200,,,,,
Tiger Tiger Burning Sun,140,,,,,
Mermaid,326,,,,,
Roller,477,,,,,
FIZZBANGER (INC INSERTS),524,,,,,
All You Need Is Love,140,,,,,
YOGA BOM,536,,,,,
FROZEN (INC INSERTS),564,,,,,
HONEY BEE,859,,,,,
BLACKBERRY,1432,,,,,
santa gift,186,,,,,
Golden Slumbers Spa,1456,,Golden Slumbers Spa,81,27,
Rainbow,167,,,,,
Christmas Sweater,286,,Christmas Sweater Orange,27.5,9.17,
Christmas Sweater,286,,Christmas Sweater Red,106,35.33,
Christmas Sweater,286,,Christmas Sweater White,3,1,
Christmas Sweater,286,,Christmas Sweater Yellow,27.5,9.17,
Giant Golden Wonder (With all Inserts),66,,,,,
Nevermind Ballistics With Insert,669,,N. M. T. B. Peach,56,18.67,
Nevermind Ballistics With Insert,669,,N. M. T. B. Yellow,112,37.33,
Sherbert Lemon,536,,,,,
Thundersnow,310,,,,,
Pumpkin With Insert,477,,Pumpkin '19 Green,4.14,1.38,
Pumpkin With Insert,477,,Pumpkin '19 Orange,91.08,30.36,
Pumpkin With Insert,477,,Pumpkin '19 Yellow,8.28,2.76,
Snow Fairy,319,,,,,
Ectoplasm,309,,,109.665,36.56,
R & B,437,,,,,
Green Coconut,239,,,,,
Marmalade,213,,,,,
Fresh Flower Giant Bombshell TOP,624,,,,,
Fresh Flower Giant Bombshell BOTTOM,624,,,,,
Herbal Green Tea Giant Bombshell TOP,624,,,,,
Herbal Green Tea Giant Bombshell BOTTOM,624,,,,,
Milky Floral Bombshell TOP,624,,,,,
Milky Floral Bombshell BOTTOM,624,,,,,
Volcano Fun Star,2130,,,,,
Volcano Fun Red Dot,2130,,,,,
Volcano Fun Orange Dot,2130,,,,,
Tea Bag,364,,,,,
Fresh Flower Giant Bombshell TOP/BOTTOM,157,,,,,
Love Boat '18,437,,,,,
Peachy,416,peachy,,,,
Aubergine,416,,Aubergine Blue,22.239,7.41,
Aubergine,416,,Aubergine Green,8.23,2.74,
Aubergine,416,,Aubergine Purple,49.42,16.47,
Aubergine,416,,Aubergine Purple Tip,12.35,4.12,
Butterfly (Orange/Yellow),364,,Butterfly red (orange/Yellow),50,16.67,
Butterfly (Orange/Yellow),364,,butterfly yellow (orange/yellow),50,16.67,
Rose Butterfly 2020,416,,Butterfly (Pink) Blue,52.5,17.5,
Rose Butterfly 2020,416,,Butterfly (Pink) Pink,52.5,17.5,
Butterfly (Green/Yellow),364,,Butterfly green (green/yellow),50,16.67,
Butterfly (Green/Yellow),364,,Butterfly yellow (green/yellow),50,16.67,
Jasmine Flower,468,,Jasmine Green,165.79,55.26,
Jasmine Flower,468,,Jasmine White,31.58,10.53,
Marigold Flower,468,,Marigold Orange,32.05,10.68,
Marigold Flower,468,,Marigold Yellow,153.85,51.28,
Chamomile Flower,468,,blue,142.8,47.6,
Chamomile Flower,468,,white,35.7,11.9,
Iris Flower,468,,Pink,159.9,53.3,
Iris Flower,468,,purple,18.8,6.27,
More Tea & Sympathy Tea Pot,208,,Pink,187,62.33,
Floating Flower,832,,Melt,7.08753,0,
Madame President,312,,Blue,55.1,18.37,
Madame President,312,,Red,94.33,31.44,
Madame President,312,,Gold,16.83,5.61,
Madame President,312,,White,35.7,11.9,
Madame President,312,,Spray,1,0,
Incredible Mum,277,,Incredible Mum pink,85.714,28.57,
Incredible Mum,277,,Incredible Mum orange,85.714,28.57,
Incredible Mum,277,,Incredible Mum purple,10.714,3.57,
Bunny Bomb Bomb Top,250,,,,,
Bunny Bomb Bomb Bottom,250,,Bunny bomb bottom Pink,223.78,74.59,
Bunny Bomb Bomb Bottom,250,,Bunny bomb bottom White,4.54,1.51,
Rose Bombshell Egg Top,312,,,,,
Rose Bombshell Egg Bottom,312,,,,,
Brontosaurus Fun Egg Purple Spot Top,312,,,,,
Brontosaurus Fun Egg Blue Botom,312,,,,,
Stegosaurus Fun Egg Blue Sun Top,312,,,,,
Stegosaurus Fun Egg Purple Bottom,312,,,,,
Chick Fun Egg Orange Sun Top,312,,,,,
Chick Fun Egg Yellow Bottom,312,,,,,
Bunny Fun Egg Yellow Spot Top,312,,,,,
Bunny Fun Egg Orange Bottom,312,,,,,
Lamb Bomb Bomb TOP,250,,,,,
Lamb Bomb Bomb BOTTOM,250,,,,,
Free Rangers TOP,270,,,,,
Free Rangers BOTTOM,624,,,,,
Beak Street Shower Bomb,1248,,Beak street shower bomb,40.04,13.35,
BATH SALT CUBE ROSE CLAY,624,,,,,
BATH SALT CUBE BLUE GARDENIA,624,,,,,
CHOCCOMINT,1040,,,,,
GROOVY KIND OF LOVE,468,,,,,
GEODE,468,,,,,
BLACK ROSE,676, black_rose,,,,
LUCKY CAT (PINK),676,,,,,
DEEP SLEEP MUSLIN,1248,,,,,
FLOWER POWER,1040,,,,,
MARSHMALLOW WORLD,520,,,,,
BLACKBERRY'18,1144,,,,,
MELUSINE,520,,,,,
HARAJUKU,416,,,,,
GINGER NINJA,676,,,,,
ROYALTY,260,,,,,
KITSUNE,312,,,,,
GOLDEN PEAR TOP,2080,,,,,
GOLDEN PEAR BOTTOM,2080,,,,,
THE COMFORTER,374,,,,,
Honey I Washed The Kids,728,,Honey IWTK - Main Mix,161.937001,53.98,
TENDER IS THE NIGHT,416,,,,,
YUZU & COCOA,1352,,,,,
PIRATES OF THE CARRAGENAN,260,,,,,
YOUKI HI,519,,,,,
SUSHI,364,,,,,
GEO PHYZZ,1040,,,,,
YOG NOG,520,,,,,
SAFFLOWER BATH SALT CUBE,780,,,,,
HI HO SILVER,728,,,,,
GOLDRUSH,780,,,,,
HULDER,520,,,,,
MOON SPELL TOP,832,,,,,
MOON SPELL BOTTOM,832,,,,,
PENG,416,,,,,
TURMERIC LATTE,416,,,,,
SPLASH,364,,,,,
KARMA YANTRA HARAJUKU,312,,,,,
KAPPA,260,,,,,
THE OLIVE BRANCH,624,,,,,
BLUE SKIES & FLUFFY WHITE CLOUDS,364,,,,,
NE WORRY PAS HARAJUKU,1040,,,,,
YOKOZUNA,208,,,,,
FIGARO FIGARO,312,,,,,
MAGIC HARAJUKU,572,,,,,
SHIJIMI BUTTERFLY,312,,,,,
LEVANDER GIANT BOMBSHELL TOP,624,,,,,
LEVANDER GIANT BOMBSHELL BOTTOM,624,,,,,
SEAWEED GIANT BOMBSHELL TOP,624,,,,,
SEAWEED GIANT BOMBSHELL BOTTOM,624,,,,,
FAIRY JASMINE HARAJUKU,1664,,,,,
TEA AND SYMPATHY HARAJUKU,312,,,,,
BOM PERIGNON HARAJUKU,1040,,,,,
TADAIMA OKAERI,416,,,,,
STAR SPELL TOP,832,,,,,
STAR SPELL BOTTOM,832,,,,,
FRUITY GIANT BOMBSHELL TOP,624,,,,,
FRUITY GIANT BOMBSHELL BOTTOM,624,,,,,
SEA SALT GIANT BOMBSHELL TOP,624,,,,,
SEA SALT GIANT BOMBSHELL BOTTOM,624,,,,,
FAIRY TRUMPETS,468,,,,,
MAGMA,156,,,,,
SIEVE,312,,,,,
Dear John,520,,Dear John White Mix,105,35,
Dear John,520,,Dear John Blue Mix,78,26,
Crazy train,156,,,,,
Free rangers,198,,,,,
Party Kits-Ickle Bot,62,,,,,
Party Kit - Big Blue,42,,,,,
Party Kit - Big Blue sa,42,,,,,
Party Kit - Butterball,62,,,,,
Party Kit - Butterball sa,62,,,,,
Party Kit - Sex Bomb,62,,,,,
Party Kit - Pink Bomb,62,,,,,
Party Kit-Golden Slumber,62,,,,,
Party Kit- LordofMisrule,42,,,,,
MOON SPELL PINK,832,,,,,
MOON SPELL BLUE,832,,,,,
Party Kit - Geode 50,31,,,,,
Party Kit - Hulder 50,31,,,,,
Kit -Groovy Kind of Love 50,29,,,,,
PARTY KITS PIRATES 50 ITEMS,36,,,,,
Party Kit - Geode 10,42,,,,,
Party Kit - Hulder 10,42,,,,,
PARTY KIT i WANT A HIPPOPOTAMUS'21,42,,,,,
PARTY KIT SHOOT FOR THE STARS'21,31,,,,,
PARTY KIT RANGOLI'21,36,,,,,
Party Kit -Groovy Kind of Love 10,40,,,,,
Party kit - Blackberry 10,62,,,,,
Party kit - Blackberry 50,47,,,,,
PARTY KITS PIRATES 10 ITEMS,56,,,,,
Party Kit- ShootForStars - 25,31,,,,,
Party Kits - Rocket (25),29,,,,,
Party Kits- Goddess,42,,,,,
Party Kits- Inrtergalactic,42,,,,,
Blue Pill Shower Bomb,1768,,,,,
Red Pill Shower Bomb,1768,,,,,
Comfort Zone Shower Bomb,1352,comfort_zone,,,,
Wake Up Call Shower Bomb,1560,,,,,
Luck Shower Bomb,1872,,,,,
Love Shower Bomb,1352,,Lustre For Love,0.19,0,
Meditation Shower Bomb,1248,,Meditation shower bomb Spray,3.3,0,
Validation Shower Bomb,1352,,,,,
Supernatural Shower Bomb,1040,,,,,
Tantric EnergyShowerBomb,1248,,,,,
FRUITY GIANT BOMBSHELL,312,,,,,
SEA SALT GIANT BOMBSHELL,312,,,,,
Rose Bombshell Egg,312,,Rose bomb shell Egg top,240,80,
Rose Bombshell Egg,312,,Rose Bombshell Egg bottom,190,63.33,
MOON SPELL,416,,,,,
STAR SPELL,416,,,,,
Witches fun Green,2130,,,,,
Withces Fun Pink,2130,,,,,
Withces Fun Yellow,2130,,,,,
Time Traveller Blue,2130,,,,,
Time Traveller Pink,2130,,,,,
Time Traveller Purple,2130,,,,,
Cilla the Caterpillar,83,,,,,
Calm A Llama,125,,,,,
Cilla the Caterpillar top,166,,,,,
Cilla the Caterpillar bottom,166,,,,,
Golden Wonder,499,,Golden Wonder Blue,25,8.33,
Golden Wonder,499,,Golden Wonder Gold,93,31,
Golden Wonder,499,,Golden Wonder Orange,1.3,0.43,
Golden Wonder,499,,Golden Wonder Pink,1.3,0.43,
Golden Wonder,499,,Golden Wonder White,22.5,7.5,
Golden Wonder,499,,Golden Wonder Yellow,1.3,0.43,
Golden Wonder,499,,Golden Wonder - Spray,5,0,
Luxury Lush Pud,426,,,,,
The Worlds Smallest Disco,426,,,,,
Jingle Bells - Amazeball,260,,,,,
Fly me to the Moon  -Amazeball,312,,,,,
Snow Fairy Crystal Ball,312,,,,,
Dont Let the Bells End,312,,,,,
Pop Art,338,,Pop Art - White,109.12,27.28,
Pop Art,338,,Pop Art - Red,29.7,9.9,
Pop Art,338,,Pop Art - Yellow,33,11,
Chris The Camel,364,,,,,
Rudolph - with Tag '19,416,,,,,
Santa's Grotto,364,,Santa's Grotto - Blue,82.11,27.37,
Santa's Grotto,364,,Santa's Grotto - Gold Salt,6.3,0,
Santa's Grotto,364,,Santa's Grotto - Green,94.605,31.54,
Santa's Grotto,364,,Santa's Grotto - Pink Salt,4.2,0,
Santa's Grotto,364,,Santa's Grotto - White Salt,2.1,0,
Santa's Grotto,364,,Santa's Grotto - XL Gold Salt,3.15,0,
Fireball,416,,Fireball - Orange,60,20,
Fireball,416,,Fireball - Red,13.86,4.62,
Fireball,416,,Fireball - Yellow,68.355,22.79,
Snowman Dreaming,416,,,,,
Not So Secret Santa '19,364,,,,,
Penguin Bomb Bomb,177,,,,,
Santa Bomb Bomb,177,,,,,
Elf Bomb Bomb,177,,,,,
Giant Lush Pud TOP/BOTTOM,94,,,,,
Giant Lush Pud top,187,,,,,
Giant Lush Pud BOTTOM,187,,,,,
Rudolph Nose - shower bomb,1040,,,,,
Polar Bear Nose - shower bomb,1248,,,,,
Snowman Nose - shower bomb,1040,,,,,
Punkin Pumpkin,291,,,,,
Monsters Ball,458,,,,,
Lord Of Misrule,652,,,,,
Mercury Retrograde,416,,Mercury Retrograde Green,24.38,5.63,
Mercury Retrograde,416,,Mercury Retrograde Orange,129.6,43.2,
Mercury Retrograde,416,,Mercury Retrograde Purple,24.38,5.63,
Mercury Retrograde,416,,Mercury Retrograde Black Salt,7.2,0,
Snow Fairy Green,2130,,,,,
Snow Fairy Pink,2130,,,,,
Snow Fairy Yellow,2130,,,,,
Magic Lamp Blue,2130,,,,,
Magic Lamp Gold,2130,,,,,
Magic Lamp Purple,2130,,,,,
Fly me to the Moon  - UFO,1248,,,,,
Penguin Bomb Bomb Top,354,,,,,
Penguin Bomb Bomb Bottom,354,,,,,
Santa Bomb Bomb Top,354,,,,,
Santa Bomb Bomb Bottom,354,,,,,
Dont Let the Bells End - BELL,520,,,,,
Holly GOHlightly - HOLLY,520,,,,,
Party Kit - Lush Pud(10),42,,,,,
Party Kit - Monster Ball,42,,Monsters' Ball Party Kit (10) - Blue,490,163.33,
Party Kit - Monster Ball,42,,Monsters' Ball Party Kit (10) - Pink Fizz,360,120,
Party Kit - Monster Ball,42,,Monsters' Ball Party Kit (10) - Pink Main,1053,351,
Party Kit - Fireball(10),52,,,,,
Party Kit - Santa Grotto,42,,,,,
Party Kit - Pop Art(10),52,,,,,
Space Girl,1040,,Space Girl,138.09,46.03,
Space Girl,1040,,Space Girl - Spray,0.270553,0,
Abombinaball,260,,Abombinaball - Main,136.592575,45.53,
Abombinaball,260,,Abombinaball - Blue,39.850427,13.28,
Abombinaball,260,,Abombinaball - Middlesnow,11.111111,3.7,
Abombinaball,260,,Abombinaball - Blue Spray,3.675214,0,
Abombinaball,260,,Abombinaball - Yellow Spray,0.207265,0,
Roller '19,364,,Roller - White,102.86,34.29,
Roller '19,364,,Roller - Blue,15.47,5.16,
Roller '19,364,,Roller - Peach,15.31,5.1,
Roller '19,364,,Roller - Pink,16.51,5.5,
Roller '19,364,,Roller - Purple,15.23,5.08,
Roller '19,364,,Roller - Turquoise,15.29,5.1,
Roller '19,364,,Roller - Melt,10.29626,0,
Madame President '20,312,,,,,
Madame President '20 gold starts inserts,4160,,,,,
Dirty Bath Bomb,468,,Dirty - Blue,23.55,7.85,
Dirty Bath Bomb,468,,Dirty - Dark Blue,12.94,4.31,
Dirty Bath Bomb,468,,Dirty - Green,92.04,30.68,
Dirty Bath Bomb,468,,Dirty - Light Green,23.55,7.85,
Dirty Bath Bomb,468,,Dirty - Yellow,12.94,4.31,
Blazin' Bad Zula '20,364,,,,,
Love Locket '20,208,,,,,
Love Locket '20  inserts,20800,,,,,
Love Locket '20  plug,1040,,,,,
Dinosaur Bombshell '20 Yellow Sun,582,,,,,
Dinosaur Bombshell '20 Blue spot,582,,,,,
Magic Rabbit,291,,,,,
Love Locket '20 green inserts,20800,,,,,
Love Locket '20 yellow inserts,20800,,,,,
Love Locket '20 orange inserts,20800,,,,,
Love Locket '20 blue inserts,20800,,,,,
Flight,364,,Flight - Blue,118.548,39.52,
Flight,364,,Flight - Green,8.325,2.78,
Flight,364,,Flight - Purple,34.965,11.66,
Flight,364,,Flight - Red Salt,3.108,0,
Flight,364,,Flight - Yellow Salt,3.108,0,
Roar,780,,Roar,67.5,22.5,
Tengri,312,,Tengri - Green,16.491892,5.5,
Tengri,312,,Tengri - Pink,72.381081,24.13,
Tengri,312,,Tengri - White,80.627027,26.88,
Black Ninja,728,,Black Ninja - White,93.339844,31.11,
Black Ninja,728,,Black Ninja - Red,7.910156,2.64,
Black Ninja,728,,Black Ninja Spray,6.42618,0,
Temple Of the Sky,229,,,,,
Rose Clay,624,,,,,
LOVE BOAT PARTY KITS,31,,,,,
IRL,364,,,,,
Moon on the Stick,260,,,,,
Bat Art '20,624,,,,,
Bat Dots Pink,15600,,,,,
Bat Dots Blue,15600,,,,,
Bat Dots Silver,15600,,,,,
Lord of Misrule '20,652,,,,,
Monsters Ball '20,458,,Monsters' Ball '20 - Blue,49,16.33,
Monsters Ball '20,458,,Monsters' Ball '20 - Pink,126.75,42.25,
Punkin Pumpkin '20,291,,,,,
Butterbear '20,1872,,Butterbear '20,78,26,
I Want A Hippo '20,1144,,,,,
Angels Delight '20,884,,Angels Delight - Gold,4.5,1.5,
Angels Delight '20,884,,Angels Delight - Pink,82,27.33,
Snowman Dreaming,416,,,,,
Tick-Tock '20,936,,Tick-Tock,90,30,
Tick-Tock '20,936,,Tick-Tock - Spray,5,0,
Winter Garden '20,1248,,Winter Garden - Main,78.705,27.3,
Winter Garden '20,1248,,Winter Garden - Flowers,0.78,0,
Jingle Bells '20,468,,Jingle Bells '20 - White Main,118.42,39.47,
Jingle Bells '20,468,,Jingle Bells '20 - Red Ribbon,17,5.67,
Jingle Bells '20,468,,Jingle Bells '20 - Blue Salt,7.37,0,
Luxury Lush Pud '20,426,,Lush Pud '20 - Pink,124.55,41.52,
Luxury Lush Pud '20,426,,Lush Pud '20 - White,21,7,
LLP Blue Dot '20,13520,,,,,
LLP Green Dot '20,13520,,,,,
LLP Green Holly '20,26000,,,,,
LLP Orange Dot '20,13520,,,,,
Shoot For Stars '20,728,,,,,
Snow Fairy BALL '20,416,,,,,
Golden WonderBlue1/2Box,4160,,,,,
Golden Wonder OrangeDot,26000,,,,,
Golden Wonder PinkDot,26000,,,,,
Golden Wonder YellowDot,26000,,,,,
Holly Golightly '20,364,,Holly Golightly '20 - Green Main,127,42.33,
Holly Golightly '20,364,,Holly Golightly '20 - HOLLY Green,68,22.67,
Holly Golightly '20,364,,Holly Golightly '20 - HOLLY Red,2,0.67,
Holly Golightly '20,364,,Holly Golightly '20 - Bubble Filling,50,0,
Holly Golightly Amazeball plug,884,,,,,
Snow Fairy Crystal - Amazeball '20,364,,,,,
Snow Fairy Crystal Amazeball plug,1300,,,,,
Rudolph NoseShBomb20,2600,,,,,
Sugar Plum ShBomb '20,1352,,,,,
Validation (GIFT EXCLUSIVE),1352,,,,,
Shoot For The Stars MINI GCO,1248,,,,,
Intergalactic MINI GCO,1768,,,,,
Avobath MINI GCO,1768,,,,,
Butterball MINI GCO,2080,,,,,
Groovy Kind Of Love MINI GCO,1768,,,,,
Snow Fairy MINI GCO,1768,,,,,
Skullduggery,572,,Skullduggery - White,103.99284,34.66,
Skullduggery,572,,Skullduggery - Red,1.185,0.4,
SATSUMO SANTA,312,,,,,
Sleepy Bombshell Top,416,,,,,
Sleepy Bombshell Bottom,624,,,,,
Sleepy Giant bombshell  top+bottom,250,sleeping_giant,,,,
Hokkaido,1248,,Hokkaido Winter Bath,86.25,28.75,
Party Kit-I Want A Hippo,42,,,,,
PartyKit-ShootForStars20,42,,,,,
SinterKlaas,260,,,,,
Cheery Christmas '20,338,,,,,
LOVE LOCKET'21,229,,,,,
LOVE LOCKET GREEN INSERT'21,26000,,,,,
LOVE LOCKET YELLOW INSERT'21,26000,,,,,
LOVE LOCKET ORANGE INSERT'21,26000,,,,,
LOVE LOCKET BLUE INSERT'21,26000,,,,,
LOVE LOCKET PLUG'21,967,,,,,
LOVE BOAT'21,364,,,,,
LOVE ME DO'21,1352,,,,,
HEART BEAT'21,380,,,,,
TISTY TOSTY'21,749,,,,,
Flamingo Egg - large,468,,,,,
Eggy Wegg,416,,Eggy Wegg - Pink,125,41.67,
Eggy Wegg,416,,Eggy Wegg - Yellow (Insert),20.8,6.93,
Golden egg insert,1352,,,,,
Follow The White Rabbit,416,,Follow White Rabbit - Red,6.75,2.25,
Follow The White Rabbit,416,,Follow White Rabbit - Blue,2.25,0.75,
Follow The White Rabbit,416,,Follow White Rabbit - Pink,4.5,1.5,
Follow The White Rabbit,416,,Follow White Rabbit - Yellow,4.5,1.5,
Follow The White Rabbit,416,,Follow White Rabbit - White,72,24,
Humpty Dumpty,208,,Humpty Dumpty - Blue,85.71,28.57,
Humpty Dumpty,208,,Humpty Dumpty - Yellow (Main),133.33,44.44,
Humpty Dumpty INSERTS,1248,,,,,
Owl And The Pussycat,312,,,,,
Eggy Wegg Insert,2184,,Eggy Wegg - White (Eggs),6.22,2.07,
Eggy Wegg Insert,2184,,Eggy Wegg - Yellow (Eggs),1.336,0.45,
Pussycat,1768,,,,,
Mother of Pearl,1560,,,,,
Atom Heart Mother,468,,Atom Heart Mother - Blue,123,41,
Atom Heart Mother,468,,Atom Heart Mother - Pink,23,7.67,
Atom Heart Mother,468,,Atom Heart Mother - White,24,8,
Rose Gold - for AYR new fragrance,572,,,,,
Atom Heart Mother INSERT,8320,,Atom Heart White,8,2.67,
04:20PM Bath bomb,468,420_cbd,4:20pm - Green,82.5,27.5,
04:20PM Bath bomb,468,420_cbd,4:20pm - Pink,82.5,27.5,
MrS Whippy,468,,,,,
Frog Prince,624,,Frog Prince,81.840375,27.28,
Owl And The Pussycat - boat,416,,,,,
Owl And The Pussycat - cat,1768,,,,,
Owl And The Pussycat - owl,1560,,,,,
Marshmallow World '21 - New flat base,520,,Marshmallow World Pink,131.1,43.7,
Marshmallow World '21 - New flat base,520,,Marshmallow World Sugar,4.6,0,
Marshmallow World '21 - New flat base,520,,Marshmallow World White,37.375,8.63,
Marshmallow World '21 - New flat base,520,,Marshmallow World Yellow,3.7375,0.86,
Floating Flower '21 - New flat base,832,,Floating Flower,152.25,50.75,
Deep Sleep '21 - New flat base,1248, deep_sleep,,,,
TWILIGHT'21 V2,624,twilight,,,,
Sex Bomb '21 - New Flat base,988,,Sex Bomb Pink,127.6875,42.56,
Sex Bomb '21 - New Flat base,988,,Sex Bomb Purple,42.5625,14.19,
Sakura '21 - New Flat base,1144,sakura,Sakura White,164.98,54.99,
Sakura '21 - New Flat base,1144,sakura,Sakura Green Salt,2.26,,
Sakura '21 - New Flat base,1144,sakura,Sakura Red Salt,2.26,,
Intergalactic '21 - New flat base,624,intergalactic,Intergalactic - Blue,128.682862,42.89,
Intergalactic '21 - New flat base,624,intergalactic,Intergalactic - Red,17.340707,5.78,
Intergalactic '21 - New flat base,624,intergalactic,Intergalactic - White,4.613938,1.54,
Intergalactic '21 - New flat base,624,intergalactic,Intergalactic - Yellow,17.340707,5.78,
Ickle Baby Bot '21- New moulds,1456,,,,,
Goddess '21 - New Flat base,468,,,,,
Dragon's Egg '21 - New Flat base,676,dragons_egg,Dragons Egg White,112.861205,37.62,
Dragon's Egg '21 - New Flat base,676,dragons_egg,Dragons Egg Gold,12.429977,4.14,
Dragon's Egg '21 - New Flat base,676,dragons_egg,Dragons Egg Orange,42.708818,14.24,
Dragon's Egg '21 - New Flat base,676,dragons_egg,Dragon Egg Dots,0.3092,0,
Groovy kind of love'21-New flatbase,468,,,,,
Temple of the sky'21-New flatbase,229,,Temple Of The Sky'21 - Gold,38.8,12.93,
Temple of the sky'21-New flatbase,229,,Temple Of The Sky'21 - Blue,40.9,13.63,
Temple of the sky'21-New flatbase,229,,Temple Of The Sky'21 - White,40.9,13.63,
Melusine'21 - New flatbase,520,,,,,
The Comforter'21 - New flatbase,374,,,,,
Blackberry'21 - New flatbase,1144,,Blackberry Main,160.5,53.5,
Turmeric Latte 21-New flatbase,416,,,,,
TBH 365,291,,TBH 365 - Gold,95.85,31.95,
TBH 365,291,,TBH 365 - Orange,11.98125,3.99,
TBH 365,291,,TBH 365 - Red,23.9625,7.99,
TBH 365,291,,TBH 365 - White,24.975,8.33,
TBH 365,291,,TBH 365 - Yellow,11.98125,3.99,
WHITE NOISE,468,,White Noise Blue,39,13,
WHITE NOISE,468,,White Noise Green,39,13,
WHITE NOISE,468,,White Noise Silver,62,20.67,
WHITE NOISE,468,,White Noise White,28,9.33,
DIAMOND DUST,832,,,,,
PEAU DE PARIS BOMBSHELL PINK TOP,624,,,,,
PEAU DE PARIS BOMBSHELL PINK BOTTOM,624,,,,,
PEAU DE PARIS BOMBSHELL BLUE TOP,624,,,,,
PEAU DE PARIS BOMBSHELL BLUE BOTTOM,624,,,,,
PEAU DE PARIS BOMBSHELL GREEN TOP,624,,,,,
PEAU DE PARIS BOMBSHELL GREEN BOTTOM,624,,,,,
PEAU DE PARIS BOMBSHELL YELLOW TOP,624,,,,,
PEAU DE PARIS BOMBSHELL YELLOW BOTTOM,624,,,,,
PEAU DE PARIS BOMBSHELL,312,,,,,
Punkin Pumpkin'21,312,,,,,
Bat art'21,624,,,,,
Ghostie'21,406,,,,,
Lord of misrule'21,276,,,,,
I want a hippopotamumus'21,1144,,,,,
Butterbear'21(pink),1196,,,,,
Sleepy Bear bath bomb'21,1040,,,,,
Snowman dreaming'21,374,,,,,
Snowball bath bomb'21,489,,,,,
You shall go to the ball'21,421,,,,,
Orange Pop bath bomb'21,624,,,,,
Snow Fairy'21,416,,Lustre for Snow Fairy,0.03643,0.01,
Shoot for the star'21,728,,,,,
Jingle bells'21,416,,,,,
Hey Hollywood '21,437,,Hey Hollywood 21- Berries Red,4,1.33,
Hey Hollywood '21,437,,Hey Hollywood '21 - Green,87,29,
Hey Hollywood '21,437,,Hey Hollywood '21- Blue Insert,41,13.67,
Hey Hollywood '21,437,,Hey Hollywood '21- Pink Insert,41,13.67,
Hey Hollywood '21,437,,Hey Hollywood 21- Spray,8,0,
Golden pudding '21,421,,,,,
Rudolph nose'21,2600,,Rudolph nose'21 - Spray,1.44,0,
Rudolph nose'21,2600,,Rudolph nose'21,43.32,5.63,
Silver Bells shower bomb'21,1456,,,,,
Snow Fairy Lights'21 plug,1217,,,,,
Snow Fairy Lights'21,468,,,,,
Sleepy bath bomb'21,359,,Sleepy bath bomb'21 Black,25.3,8.43,
Sleepy bath bomb'21,359,,Sleepy bath bomb'21 Moons,1.1,0.37,
Sleepy bath bomb'21,359,,Sleepy bath bomb'21 Stars,1.2,0.4,
Sleepy bath bomb'21,359,,Sleepy bath bomb'21 Yellow,12,4,
Sleepy bath bomb'21,359,,Sleepy bath bomb'21 Main,108.9,36.3,
Cinders'21,1050,,Cinders '21- Main,90.32,26.49,
Cinders'21,1050,,Cinders '21- Orange Salt Mix,7,0,
Cinders'21,1050,,Cinders '21- Red Salt Mix,7,0,
Cinders'21,1050,,Popping Candy-Vegan,2.8,0,
Thundersnow'21,426,,Thunder S Blue,80.38,26.79,
Thundersnow'21,426,,Thunder S Chunk,12.7,4.23,
Thundersnow'21,426,,Thunder S Green,50.82,16.94,
Thundersnow'21,426,,Thunder S White,34.48,11.49,
Santa's Magic Sleight'21 - Santa,728,,,,,
Santa's Magic Sleight'21 - Bear,3120,,,,,
Santa's Magic Sleight'21 - Sleight,780,,,,,
Santa's Magic Sleight'21  TOGETHER,283,,,,,
The Sicilian,1040,,The Sicilian,174,58,
Lakes Bath Bomb,832, lakes,The Lakes - Blue,84.7,28.23,
Lakes Bath Bomb,832, lakes,The Lakes - Green,42.4,14.13,
Lakes Bath Bomb,832, lakes,The Lakes - Pink,42.4,14.13,
Golden Slumbers Spa'21 - New flatbase,1456,,,,,
The Worlds Smallest Disco'21,426,,World's Smallest Disco '21 - Black,150,50,
Rangoli Dreams '21,312,,,,,
Golden Pudding '21 AF,421,,Golden Pudding '21 AF Gold,74,24.67,
Golden Pudding '21 AF,421,,Golden Pudding '21 AF Orange,40,13.33,
Golden Pudding '21 AF,421,,Golden Pudding '21 AF Pink,40,13.33,
Golden Pudding '21 AF,421,,Golden Pudding '21 AF White,21,7,
Golden Pudding '21 AF,421,,Golden Pudding '21 AF Spray,7,2.33,
Marshmallow ' 22,520,,MarshmallowWorld'22BLUE,4.94,1.65,
Marshmallow ' 22,520,,MarshmallowWorld'22PINK,127.13,42.38,
Marshmallow ' 22,520,,MarshmallowWorld'22WHITE,27.97,9.32,
Marshmallow ' 22,520,,MarshmallowWorld'22YELLO,4.94,1.65,
Unicorn Poop Bath bomb,468,unicorn_poop,Unicorn Poop Pink,70,23.33,
Unicorn Poop Bath bomb,468,unicorn_poop,Unicorn Poop Green,11,3.67,
Unicorn Poop Bath bomb,468,unicorn_poop,Unicorn Poop Purple,11,3.67,
Unicorn Poop Bath bomb,468,unicorn_poop,Unicorn Poop White,41,13.67,
Unicorn Poop Bath bomb,468,unicorn_poop,Unicorn Poop Yellow,11,3.67,
Black rose'21,676,,Black rose '21 Black,124,41.33,
Black rose'21,676,,Black rose '21 Purple,38,12.67,
Black rose'21,676,,Black rose '21 spray,8,0,
Toby's magic cow,416,tobys_magic_cow,Toby's magic cow Blue,10.5,3.5,
Toby's magic cow,416,tobys_magic_cow,Toby's magic cow Pink,10.5,3.5,
Toby's magic cow,416,tobys_magic_cow,Toby's magic cow White,61.5,20.5,
Toby's magic cow,416,tobys_magic_cow,Toby's magic cow Purple,10.5,3.5,
Toby's magic cow,416,tobys_magic_cow,Toby's magic cow Yellow,10.5,3.5,
Luxe Bath Bomb,572,,Luxe Bath Bomb Gold,51.5,17.17,
Luxe Bath Bomb,572,,Luxe Bath Bomb Purple,73.25,24.42,
Luxe Bath Bomb,572,,Luxe Bath Bomb Green,16,5.33,
Luxe Bath Bomb,572,,Luxe Bath Bomb Pink,16,5.33,
GRANNY  TAKES THE DIP,208,,Granny Takes Green,16,5.33,
GRANNY  TAKES THE DIP,208,,Granny Takes Pink,75,25,
GRANNY  TAKES THE DIP,208,,Granny Takes Red,29,9.67,
GRANNY  TAKES THE DIP,208,,Granny Takes Blue,42,14,
Volcano Spa'21,343,,Volcano Red,16.537857,5.51,
Volcano Spa'21,343,,Volcano Silver,61.424527,20.47,
Volcano Spa'21,343,,Volcano Yellow,16.537857,5.51,
Party Kit Karma Spa'50,62,,,,,
Summer Blues,1248,,Summer Blues,174,58,
Confetti mixing - KG,156,,,,,
Big Blue Spa'21,1560,,Big Blue Spa Salt,6.55,0,
Big Blue Spa'21,1560,,Big Blue Spa Blue,65.9175,27.58,
Big Blue Spa'21,1560,,Big Blue Spa White,6.6,3.3,
Pumpkin Giant Bottom,624,,,,,
Pumpkin Giant Top,624,,,,,
Enchanter '21,416,,Enchanter '21 Orange,46.2,15.4,
Enchanter '21,416,,Enchanter '21 Pink,75.6,25.2,
Enchanter '21,416,,Enchanter '21 Yellow,46.2,15.4,
Punkin Pumpkin'21 glow in dark,312,,,,,
THINK PINK'21,572,,,,,
THE EXPERIMENTER'21,364,,Exp Blue Kit,37.95,12.65,
THE EXPERIMENTER'21,364,,Exp Gold Kit,37.95,12.65,
THE EXPERIMENTER'21,364,,Exp Pink Kit,37.95,12.65,
THE EXPERIMENTER'21,364,,Exp Purple Kit,13.2,4.4,
THE EXPERIMENTER'21,364,,Exp White Kit,37.95,12.65,
BigAubergineEnergy '22,225,,BigAubergineEnergy - Blue,92,30.67,
BigAubergineEnergy '22,225,,BigAubergineEnergy - Green,29.5,9.83,
BigAubergineEnergy '22,225,,BigAubergineEnergy - Purple,177,59,
BigAubergineEnergy '22,225,,BigAubergineEnergy - Purple Tip,27,9,
Lucky tiger,1040,,Lucky tiger,171,57,
Lucky tiger,1040,,Lucky Tiger Bath Bomb Mix - Spray,7.98,,
Lovebug '22,286,,Lovebug '22 BLUE,39.38,13.13,
Lovebug '22,286,,Lovebug '22 PINK,87.9,29.3,
Lovebug '22,286,,Lovebug '22 YELLOW,7.88,2.63,
Mr Loba Loba '22,1248,,Mr Loba Loba '22 - Red,86,28.67,
Mr Loba Loba '22,1248,,*Hearts - Red Edible,0.1,,
Jasmine'22,780,,Jasmine'22 - Mix - White,106,35.33,
Jasmine'22,780,,Jasmine'22 - Mix - Tapioca,0.5,,
Atom Heart Mother'22,468,,,,,
Elephant In The TeaRoom'22,333,,ElephantInTeaRoom '22 - Blue,94,31.33,
Elephant In The TeaRoom'22,333,,ElephantInTeaRoom '22 - Pink,94,31.33,
Rose Gold'22,572,,Rose Gold'22 - Mix - Orange,75,25,
Rose Gold'22,572,,Rose Gold'22 - Mix - Pink,84,28,
Rose Gold'22,572,,Rose Gold'22 - Mix - Decor,11,3.67,
!Disco Duck '22,416,,!Disco Duck Green '22,31,10.33,
!Disco Duck '22,416,,!Disco Duck Yellow '22,64.5,21.5,
!Flamingo Egg '22,478,,Flamingo Egg Blue,87.5,29.17,
!Flamingo Egg '22,478,,Flamingo Egg Pink,75.4,25.13,
!Flamingo Egg '22,478,,Flamingo Egg - SALT MIX,4.5,0,
!FollowtheWhiteRabbit'22,416,,,,,
!Golden Egg '22,468,,,,,
!The Flying Carrot '22,445,,!Flying Carrot Green '22,5,1.67,
!The Flying Carrot '22,445,,!Flying CarrotOrange '22,113,37.67,
!The Flying Carrot '22 Carrot,520,,,,,
!The Flying Carrot '22 Rabbit,3120,,!Flying CarrotYellow '22,33,11,
The Ex factor,728,,The Ex factorBLUE,103.74,34.58,
The Ex factor,728,,The Ex factorRED,5.46,1.82,
Knowledge Bath Bomb,291,,,,,
Golden Egg Large'22,468,,Golden Egg Large'22- White,100,33.33,
Golden Egg Large'22,468,,Golden Egg Large'22 - Yellow,73,24.33,
Golden Egg Large'22,468,,Golden Egg Large'22 - Spray,7.5,2.5,
The Imperial egg,468,,,,,
Light in the Night'22,390,,Light The Night '22 BLU,17,5.67,
Light in the Night'22,390,,Light The Night '22 GRE,17,5.67,
Light in the Night'22,390,,Light The Night '22 PUR,7.5,2.5,
Light in the Night'22,390,,Light The Night '22 YEL,55,18.33,
Light in the Night'22,390,,Light The Night'22 SPRAY,7,2.33,
Party kit - Elephant in the tea room,62,,,,,
Party kit -Flamingo,42,,,,,
Party kit - Light in the night,36,,,,,
Party Kit - Toby's Magic Cow 10,40,,Toby Party Kit (10) Blue,105,35,
Party Kit - Toby's Magic Cow 10,40,,Toby Party Kit (10) Pink,105,35,
Party Kit - Toby's Magic Cow 10,40,,Toby Party Kit (10) Purple,105,35,
Party Kit - Toby's Magic Cow 10,40,,Toby Party Kit (10) White,615,205,
Party Kit - Toby's Magic Cow 10,40,,Toby Party Kit (10) Yellow,105,35,
Dirty Bath Bomb'22,468,,,,,
Orangutan bath bomb,905,,Orangutan Bath Bomb '22,80,26.67,
All That Jas '22,624,,All That Jas '22,167.29,55.76,
Softy '22,1040,,Softy '22,167.29,55.76,
Ufo lid,1144,,,,,
Ghostie'22,406,,Ghostie Blue,9,3,
Ghostie'22,406,,Ghostie Pink,9,3,
Ghostie'22,406,,Ghostie White,94,31.33,
Ghostie'22,406,,Ghostie Purple,9,3,
Pumpkin Pumpkin'22,312,,Pumpkin - Green,2.4,0.8,
Pumpkin Pumpkin'22,312,,Pumpkin - Orange,72,24,
Pumpkin Pumpkin'22,312,,Pumpkin - Yellow,27,9,
Big foot'22,416,,Big Foot Blue,51.5,17.17,
Big foot'22,416,,Big Foot Pink,51.5,17.17,
I want my mummy'22,1040,,I want my mummy,81,27,
Lord of misrule'22,598,,,,,
Screamo'22,468,,Screamo Purple,88,29.33,
Screamo'22,468,,Screamo White,15,5,
Ufo'22,380,,Ufo Blue - Lid,32.5,10.83,
Ufo'22,380,,Ufo Yellow,140,46.67,
Ufo'22,380,,Ufo Salt mix,45,0,
Bat art'22,624,,,,,
Butterbear '22,1144,,Butterbear '22,92,30.67,
Crystal Snow '22,988,,Crystal Snow WHITE,168,56,
Crystal Snow '22,988,,Crystal Snow MIX SALT,5.01,0,
Gift Horse '22,520,,Gift Horse ORANGE,124,41.33,
Gift Horse '22,520,,Gift Horse YELLOW,8.25,2.75,
Golden Pudding '22,260,,Golden Pudding '22 - GOLD,88,29.33,
Golden Pudding '22,260,,Golden Pudding '22 - PINK SALT,45,0,
Golden Pudding '22,260,,Golden Pudding '22 - WHITE,119.5,39.83,
Golden Pudding '22,260,,Golden Pudding '22 - SPRAY,6.3,0,
Jolly Holly '22,884,,Jolly Holly GREEN,52.5,6.9,
Jolly Holly '22,884,,Jolly Holly RED TAPIOCA,0.33,0,
Magical Santa '22,302,,Magical Santa ORANGE,19.5,6.5,
Magical Santa '22,302,,Magical Santa PINK,53,17.67,
Magical Santa '22,302,,Magical Santa RED,30.75,10.25,
Magical Santa '22,302,,Magical Santa WHITE,9,3,
Magical Santa '22,302,,Magical Santa YELLOW,19.5,6.5,
Moon Bath '22,468,,Moon Bath RED,24,8,
Moon Bath '22,468,,Moon Bath WHITE,25,8.33,
Moon Bath '22,468,,Moon Bath ORANGE,123,41,
Moon Bath '22,468,,Moon Bath SPRAY,2,0,
Moon Bath '22 insert,4160,,Moon Bath WHITE,25,8.33,
PartridgeInAPearTree'22,572,,Partridge In A PearTree - Orange,94,31.33,
PartridgeInAPearTree'22,572,,Partridge In A PearTree -Yellow,79.5,26.5,
PartridgeInAPearTree'22,572,,Partridge In A PearTree -Spray,10,0,
Shoot For Stars '22,728,,,,,
Sleepy Bear '22,1040,,Sleepy Bear '22 - Topping,0.5,0,
Sleepy Bear '22,1040,,Sleepy Bear '22,83,27.67,
Snow Dragon '22,728,,Snow Dragon BLUE,83,27.67,
Snow Dragon '22,728,,Snow Dragon MIXED SALTS,2.49,0,
Snow Drift '22,468,,,,,
Snow Fairy BALL '22,416,,Snow Fairy '22- White Main,50.9,16.97,
Snow Fairy BALL '22,416,,Snow Fairy '22-Blue Snowflake,27.41,9.14,
Snow Fairy BALL '22,416,,Snow Fairy '22- Pink,58.4,19.47,
Snow Fairy BALL '22,416,,Snow Fairy '22- White Snowflake,27.41,9.14,
Snow Fairy Lights '22,468,,Snow Fairy Lights '22,146.25,48.75,
Snow Fairy Lights '22,468,,Snow Fairy Lights '22 BLU Confetti,3.9,,
Snow Fairy Lights '22,468,,Snow Fairy Lights '22 GREEN Confetti,3.9,,
Snow Fairy Lights '22,468,,Snow Fairy Lights '22 ORANGE Confetti,4.2,,
Snow Fairy Lights '22,468,,Snow Fairy Lights '22 PINK Confetti,15.2,,
Snow Fairy Lights '22,468,,Snow Fairy Lights '22 YELLOW Confetti,4.2,,
Snow Fairy Lights '22,468,,Snow Fairy Lights'22 - LID - lustre,0.00975,,
Snow Fairy Lights'22 plug,1217,,Snow Fairy Lights'22 plug,31,10.33,
Snow Fairy Lights'22 plug  lustering,6240,,,,,
Snow Fairy Lights'22 plug  unpicking,3120,,,,,
Snow fairy confetties,78000,,,,,
Snowman FingerPuppet'22,520,,Snowman Finger Puppet - WHITE,48.5,16.17,
Snowman FingerPuppet'22,520,,Snowman Finger Puppet - DECOR,0.5,0,
Sweet Pudding '22,936,,Sweet Pudding PINK,160,53.33,
Sweet Pudding '22,936,,Sweet Pudding WHITE,9.5,3.17,
Intergalactic - Line,593,,,,,
Christmas Party '22 GCO,884,,Christmas Party '22 RED,169.34,56.45,
Christmas Party '22 GCO,884,,Christmas Party '22 STARS,0.14,0.05,
Wild Remedy Bath Bomb,728,,Wild Remedy Bath Bomb,160.5,53.5,
Slow Down Bath Bomb,728,slow_down_bath_bomb,Slow Down Bath Bomb,162,54,
Broken Heart Bath Bomb,728,broken_heart,Broken Heart Bath Bomb,161,53.67,
Shoot for the stars Yellow - Mixing kg,156,,,,,
Cobweb '22 GCO,562,,Cobweb '22 GCO,103.45,34.48,
Marshmallow ' 22- Line,499,,,,,
Bonfire Bath Bomb'22,1040,,,,,
Party Kit - Punkin Pumpkin,52,,,,,
Rangoli Dreams '22,312,,Rangoli Dreams '22 Orange,37.56,12.52,
Rangoli Dreams '22,312,,Rangoli Dreams '22 Red,37.56,12.52,
Rangoli Dreams '22,312,,Rangoli Dreams '22 Yell,37.56,12.52,
Rangoli Dreams '22,312,,Rangoli Dreams '22 Spray,5,0,
Rangoli Dreams '22,312,,,,0,
Gum-Gum Fruit,572,,Gum-Gum Fruit-dark purple,68.5,22.83,
Gum-Gum Fruit,572,,Gum-Gum Fruit-purple,75,25,
Flame-Flame Fruit,468,,Flame-Flame Fruit-orange,95,31.67,
Flame-Flame Fruit,468,,Flame-Flame Fruit-red,37.5,12.5,
Flame-Flame Fruit,468,,Flame-Flame Fruit-yellow,37.5,12.5,
Flower-Flower Fruit,416,,Flower-Flower Fruit-pink,88.75,29.58,
Flower-Flower Fruit,416,,Flower-Flower Fruit-tapioca,0.37,0,
Flower-Flower Fruit,416,,Flower-Flower Fruit-white,75,25,
Human-Human Fruit Top,926,,Human-Human Fruit Top-red,100.5,33.5,
Human-Human Fruit Bottom,926,,Human-Human Fruit Bottom-white,54.75,18.25,
Human-Human Fruit Whole Product,463,,,,,
Seed Pod F&F BathBomb,884,,Seed Pod F&F BathBomb,60,20,
Fireball'22,416,,,,,
Party kits-Snow dragon ,52,,,,,
Banana Ghost '22 ,676,,,,,
Dexter's Dragon egg ,676,,,,,
Plane Leaf,468,,Plane Leaf - Orange,33.08,11.03,
Plane Leaf,468,,Plane Leaf - Red,7.88,2.63,
Plane Leaf,468,,Plane Leaf - Yellow,37.8,12.6,
Wash Buddy,364,,Wash Buddy - Dark Blue,20,6.67,
Wash Buddy,364,,Wash Buddy - Green,50,16.67,
Wash Buddy,364,,Wash Buddy - White,20,6.67,
Sad Face,520,,Sad Face - Spray,3.5,1.17,
Sad Face,520,,Sad Face - Blue,38,12.67,
Sad Face,520,,Sad Face - Green,38,12.67,
Sad Face,520,,Sad Face - White,100,33.33,
Happy face,520,,Happy face - Spray,3.5,1.17,
Happy face,520,,Happy face - Blue,38,12.67,
Happy face,520,,Happy face - Green,38,12.67,
Happy face,520,,Happy face - White,100,33.33,
The Rift,832,,The Rift - Spray,10,3.33,
The Rift,832,,The Rift - Orange,31.5,10.5,
The Rift,832,,The Rift - Red,65,21.67,
The Rift,832,,The Rift - Yellow,65,21.67,
D8,468,,D8 - Spray - Black,5,1.67,
D8,468,,D8 - Spray - Red,2.5,0,
D8,468,,D8 - Blue,16,5.33,
D8,468,,D8 - Red,16,5.33,
D8,468,,D8 - White,135,45,
Valentine Bombshell '23,312,,,,,
Gold Rabbit'23,468,,Gold Rabbit'23 - Spray,10,0,
Gold Rabbit'23,468,,Gold Rabbit'23 - Pink,161.25,53.75,
Lovebug '23,286,,Lovebug '23 - Pink main,84.5,28.17,
Lovebug '23,286,,Lovebug '23 - Blue,39.37,13.12,
Lovebug '23,286,,Lovebug '23 - Yellow,7.87,2.62,
Lovebug '23,286,,Lovebug '23 - Pink heart,3.4,1.13,
Deep Sleep Cube,416,deep_sleep_cube,Deep Sleep Cube - Pink,30.36,9.25,
Deep Sleep Cube,416,deep_sleep_cube,Deep Sleep Cube - Purple,66.7,20.33,
Deep Sleep Cube,416,deep_sleep_cube,Magnesium Sulphate - Pink,26.4,0,
Deep Sleep Cube,416,deep_sleep_cube,Magnesium Sulphate - Purple,58,0,
Salt Water Soother Cube,416,salt_water_soother,Salt Water Soother Cube - Blue,66.7,20.33,
Salt Water Soother Cube,416,salt_water_soother,Salt Water Soother Cube - Yellow,27.6,8.41,
Salt Water Soother Cube,416,salt_water_soother,Magnesium Sulphate - Blue,58,0,
Salt Water Soother Cube,416,salt_water_soother,Magnesium Sulphate - Yellow,24,0,
Valentine Bombshell '23 - Top,624,,Valentine Bombshell '23 - Top,131.5,43.8,
Valentine Bombshell '23 - Bottom,624,,Valentine Bombshell '23 - Bottom,131.5,43.8,
Valentine Bombshell '23 - Whole product,312,,,,,
Birding Boat bath bomb,416,,Birding Boat BLUE,32,10.67,
Birding Boat bath bomb,416,,Birding Boat GREEN,15,5,
There's Room '22,218,,There's Room Green,60,20,
There's Room '22,218,,There's Room Yellow,81,27,
There's Room'22 Yellow Ears,15600,,There's Room Yellow - Ears,5,1.67,
There's Room'22 Pink Cheeks,15600,,There's Room PINK - Cheeks,4,1.33,
Out Of This World,520,out_of_this_world_bath_bomb,Out Of This World - Pink,21,7,
Out Of This World,520,out_of_this_world_bath_bomb,Out Of This World - White,55,18.33,
Out Of This World,520,out_of_this_world_bath_bomb,Out Of This World - Purple,21,7,
Out Of This World,520,out_of_this_world_bath_bomb,Out Of This World - Spray,7,0,
Tisty Tosty '23 (Mini),832,,Tisty Tosty '23 - Pink,56,18.67,
Slammer,624,,Slammer - Green,85,28.33,
Slammer,624,,Slammer - Yellow,85,28.33,
Time To Relax '23,260,,Time To Relax '23,155,51.67,
Time To Relax '23 Plug,676,,Time To Relax '23 - Plug,25,8.33,
Tea Party '23,322,,Tea Party '23 - Blue,0.45,0.15,
Tea Party '23,322,,Tea Party '23 - Pink,73,24.33,
Tea Party '23  Dots,78000,,Tea Party '23  Dots,0.45,0.15,
Ostara'23,250,,Ostara '23 PINK,175,58.33,
Ostara'23,250,,Ostara '23 YELLOW-insert,45,15,
Golden egg'23,754,,,,,
Mistery Box - Ice Flower,177,,Question block 1 - Ice Flower - Blue,91.3,30.43,
Mistery Box - Ice Flower,177,,Question block - Gold,356.08,118.69,
Mistery Box - Ice Flower,177,,Question block 1 - Ice Flower - White,18.26,6.09,
Mistery Box - Ice Flower,177,,Question block - Spray,10,0,
Mistery Box - Ice Flower,177,,Mistery Box - Ice Flower - Soap,70,0,
Mistery Box - Gold Coin,177,,Question block - Gold,356.08,118.69,
Mistery Box - Gold Coin,177,,Question block 4 - Gold Coin - Purple,54.78,18.26,
Mistery Box - Gold Coin,177,,Question block 4 - Gold Coin - White,54.78,18.26,
Mistery Box - Gold Coin,177,,Question block - Spray,10,0,
Mistery Box - Gold Coin,177,,Question block 4 - Gold Coin - Soap,58,0,
Mistery Box - Fire Flower,177,,Question block - Gold,356.08,118.69,
Mistery Box - Fire Flower,177,,Question block 2 - Fire Flower - Orange,73.04,24.35,
Mistery Box - Fire Flower,177,,Question block 2 - Fire Flower - White,36.52,12.17,
Mistery Box - Fire Flower,177,,Question block - Spray,10,0,
Mistery Box - Fire Flower,177,,Question block 2 - Fire Flower - Soap,70,0,
Mistery Box - Star Soap,146,,Question block - Gold,356.08,118.69,
Mistery Box - Star Soap,146,,Question block 5 - Star Soup - Blue,18.26,6.09,
Mistery Box - Star Soap,146,,Question block 5 - Star Soup - Orange,36.52,12.17,
Mistery Box - Star Soap,146,,Question block 5 - Star Soup - Pink,36.52,12.17,
Mistery Box - Star Soap,146,,Question block5 - Star Soup - Purple,18.26,6.09,
Mistery Box - Star Soap,146,,Question block - Spray,10,0,
Mistery Box - Star Soap,146,,Question block5 - Star Soup - Soap,49.5,0,
Mistery Box - Blue Mushroom,177,,Question block - Gold,356.08,118.69,
Mistery Box - Blue Mushroom,177,,Question block 3 - Blue Mushroom - Blue,54.78,18.26,
Mistery Box - Blue Mushroom,177,,Question block 3 - Blue Mushroom - White,54.78,18.26,
Mistery Box - Blue Mushroom,177,,Question block - Spray,10,0,
Mistery Box - Blue Mushroom,177,,Question block 3 - Blue Mushroom - Blue - Soap,58.5,0,
Mistery Box - Red Mushroom,177,,Question block - Gold,356.08,118.69,
Mistery Box - Red Mushroom,177,,Question block6 - Red Mushroom - Red,54.78,18.26,
Mistery Box - Red Mushroom,177,,Question block 6 - Red Mushroom - White,54.78,18.26,
Mistery Box - Red Mushroom,177,,Question block - Spray,10,0,
Mistery Box - Red Mushroom,177,,Question block6 - Red Mushroom - Soap,61.5,0,
Follow the white rabbit-Party kits,40,,,,,
Intergalactic-Party kits,42,,,,,
Absolute Delight,1248,,Absolute Delight,166.5,55.5,
Sex N the Shower,551,,,,,
Bluebell Bath Bomb,7800,,Bluebell Bath Bomb,3.1,1.03,
Primrose Bath Bomb,7800,,Primrose Bath Bomb,5.1,1.7,
Put the boot in,780,,Put the boot in,50,16.67,
Uchimizu'23,2184,,Uchimizu - Blue,38,12.67,
Uchimizu'23,2184,,Uchimizu - Sugar,0.5,0,
Fuurin'23,2184,,Fuurin - White,43,14.33,
Fuurin'23,2184,,Fuurin - Sugar,0.5,0,
Kokage'23,2184,,Kokage - Green,37.5,12.5,
Kokage'23,2184,,Kokage - Sugar,0.5,0,
Hinata'23,2184,,Hinata - Orange,31.5,10.5,
Hinata'23,2184,,Hinata - Yellow,7.5,2.5,
Hibana'23,1560,,Hibana - Brown,23,7.67,
Hibana'23,1560,,Hibana - Salt,0.5,0,
Hibana'23,1560,,Hibana - White,16.5,5.5,
San San'23,2496,,San San - Pink,39,13,
San San'23,2496,,San San - Salt,1,0,
Witch's Cauldron Pink,2080,,Witch's Cauldron Pink,14.25,4.75,
Witch's Cauldron Yellow,6240,,Witch's Cauldron Yellow,9.75,3.25,
Witch's Cauldron Green,6240,,Witch's Cauldron Green,11.25,3.75,
Time Traveller Fun Purple,10400,,,,,
Time Traveller Fun Pink,10400,,,,,
Time Traveller Fun Blue Star,7280,,,,,
Giant Yellow Submarine,5,,,,,
Intergalactic '23,624,,Intergalactic '23 - Blue,128.68,42.89,
Intergalactic '23,624,,Intergalactic '23 - Red,17.34,5.78,
Intergalactic '23,624,,Intergalactic '23 - Yellow,17.34,5.78,
Intergalactic '23,624,,Intergalactic '23 - White,4.61,1.54,
Supernova,572,,Supernova - Main,167.3,55.77,
Supernova,572,,Supernova - Paste,3.54,0,
Intergalactic'23-Party kits,42,,,,,
Sponge Bob Silly,385,,Sponge Bob Silly - Blue,11.25,3.75,
Sponge Bob Silly,385,,Sponge Bob Silly - White,11.25,3.75,
Sponge Bob Silly,385,,Sponge Bob Silly - Yellow,80,26.67,
Suprised Patrick,385,,Suprised Patrick - Peach,68.5,22.83,
Suprised Patrick,385,,Suprised Patrick - Pink,13.5,4.5,
Suprised Patrick,385,,Suprised Patrick - Yellow,3.75,1.25,
Krabby Bathy Bun Top,728,,Krabby Bathy Bun Top - Blue,21,7,
Krabby Bathy Bun Top,728,,Krabby Bathy Bun Top - Orange,60,20,
Krabby Bathy Bun Bottom,1872,,Krabby Bathy Bun Bottom,62,20.67,
Bat Art '23,624,,,,,
Bat Art '23 (Sheets),936,,Bat Art - Black,88.75,29.58,
Bat Art '23 (Sheets),936,,Bat Art - Blue,3,1,
Bat Art '23 (Sheets),936,,Bat Art - Pink,3,1,
Bat Art '23 (Sheets),936,,Bat Art - Silver,3,1,
Bat Art '23 (Sheets),936,,Bat Art - Ink,5,0,
Ghostie '23,416,,Ghostie Blue,9,3,
Ghostie '23,416,,Ghostie Pink,9,3,
Ghostie '23,416,,Ghostie White,94,31.33,
Ghostie '23,416,,Ghostie Purple,9,3,
Ghostie '23,416,,Ghostie - Blue,9,3,
Ghostie '23,416,,Ghostie - Pink,9,3,
Ghostie '23,416,,Ghostie - White,94,31.33,
Ghostie '23,416,,Ghostie - Purple,9,3,
Jason's Mummy '23,468,,Jason's Mummy - Glow,11.25,3.75,
Jason's Mummy '23,468,,Jason's Mummy - White,105,35,
Jason's Mummy '23,468,,Jason's Mummy - Red decoration,1,0,
Lord Of Misrule '23,676,,Lord Of Misrule '23 - Green,143,47.67,
Lord Of Misrule '23,676,,Lord Of Misrule '23 - Pink,21,7,
Magic Potion '23,385,,Magic Potion - Blue,15,5,
Magic Potion '23,385,,Magic Potion - Pink,54,18,
Magic Potion '23,385,,Magic Potion - TURQUOISE,15,5,
Magic Potion '23,385,,Magic Potion - Purple,9,3,
Magic Potion '23,385,,Magic Potion -Spray,5,0,
Punkin Pumpkin '23,364,,Pumpkin - Green,2.4,0.8,
Punkin Pumpkin '23,364,,Pumpkin - Orange,72,24,
Punkin Pumpkin '23,364,,Pumpkin - Yellow,27,9,
Screaming Banshee '23,468,,Screaming Banshee - Blue,19,6.33,
Screaming Banshee '23,468,,Screaming Banshee - Purple,53,17.67,
Screamo '23,780,,Screamo'23 - Purple,83,27.67,
Screamo '23,780,,Screamo'23 - White,12.5,4.17,
Screamo '23  (Sheet),780,,,,,
UFO '23,380,,UFO '23 - Yellow,140,46.67,
UFO '23,380,,UFO '23 - Blue Lid,32.5,10.83,
UFO '23,380,,UFO '23 - Salt,45,0,
UFO '23 LID,1144,,UFO - Lid,32.5,10.83,
Butterbear '23,2080,,,,,
Butterbear '23 (Sheet),2080,,Butterbear '23,92,30.67,
Catch Me If You Can '23,676,,Catch Me If You Can '23 - Blue,26,8.67,
Catch Me If You Can '23,676,,Catch Me If You Can '23 - Yellow,46,15.33,
Chocolate Santa '23 GCO,432,,Chocolate Santa - Brown,136,45.33,
Chocolate Santa '23 GCO,432,,Chocolate Santa - White,13.6,4.53,
Groovy Fairy '23,2080,,Groovy Fairy - Pink,86.67,28.89,
Lump Of Coal '23,832,,Lump Of Coal - Black,64.21,21.4,
Lump Of Coal '23,832,,Lump Of Coal - Gold,19.67,6.56,
Lump Of Coal '23,832,,Lump Of Coal - Spray,4.14,1.38,
Magical Santa '23,312,,Magical Santa ORANGE,19.5,6.5,
Magical Santa '23,312,,Magical Santa PINK,53,17.67,
Magical Santa '23,312,,Magical Santa RED,30.75,10.25,
Magical Santa '23,312,,Magical Santa WHITE,9,3,
Magical Santa '23,312,,Magical Santa YELLOW,19.5,6.5,
Magical Santa '23,312,,Magical Santa - Orange,19.5,6.5,
Magical Santa '23,312,,Magical Santa - Pink,53,17.67,
Magical Santa '23,312,,Magical Santa - Red,30.75,10.25,
Magical Santa '23,312,,Magical Santa - White,9,3,
Magical Santa '23,312,,Magical Santa - Yellow,19.5,6.5,
Penguin '23,400,,Penguin - White,24.99,8.33,
Penguin '23,400,,Penguin - Purple,114,38,
Penguin '23,400,,Penguin - Pink insert,6,2,
Penguin '23,400,,Penguin - Decoration,0.07,0,
Shoot For Stars '23,728,,Shoot For Stars '23,130.5,43.5,
Shoot For Stars '23,728,,Star,39.72,0,
Shoot For Stars '23,728,,Shoot For Stars '23,130.5,43.5,
Sleepy Bear '23,1040,,,,,
Sleepy Bear '23 (Sheets),1872,,Sleepy Bear '23,83,27.67,
Sleepy Bear '23 (Sheets),1872,,Sleepy Bear '23 - Topping,0.5,0.17,
Snow Angel '23 GCO,676,,Snow Angel - White,31,10.33,
Snow Angel '23 GCO,676,,Snow Angel - Yellow,51,17,
Snow Angel '23 GCO,676,,Snow Angel - Melt,10,0,
Snow Angel '23 GCO,676,,Snow Angel - Lustre,0.3,0,
Snow Dragon '23,728,,,,,
Snow Dragon '23 (Sheets),1664,,Snow Dragon BLUE,83,27.67,
Snow Dragon '23 (Sheets),1664,,Snow Dragon MIXED SALTS,2.49,0.83,
Snow Drift '23,468,,Snow Drift BLUE,90,30,
Snow Drift '23,468,,Snow Drift TURQUOISE,76,25.33,
Snow Drift '23,468,,Snow Drift WHITE,2.5,0.83,
Snow Fairy BAL '23,676,,Snow Fairy'23 - Pink,127.47,42.49,
Snow Fairy BAL '23,676,,Snow Fairy'23 - White,38.23,12.74,
Snow Fairy Lights '23,468,,,,,
Snow Fairy Lights '23 LID,1217,,,,,
Snowy '23,551,,Snowy - Blue,74,24.67,
Snowy '23,551,,Snowy - White,82,27.33,
Snowy '23,551,,Snowy - Spray,1,0,
Strawberry Santa ShFoam,728,,Strawberry Santa ShFoam,88,29.33,
Strawberry Santa ShFoam,728,,Strawberry Santa - Cream of tartar,3,1,
Sweet Pudding '23,780,,Sweet Pudding PINK,160,53.33,
Sweet Pudding '23,780,,Sweet Pudding WHITE,9.5,3.17,
The Wishing Lamp '23,260,,The Wishing Lamp '23 - Gold,188,62.67,
The Wishing Lamp '23,260,,The Wishing Lamp '23 - Gold LID,26,8.67,
The Wishing Lamp '23,260,,The Wishing Lamp '23 - Blue,18,6,
The Wishing Lamp '23,260,,The Wishing Lamp '23 - Pink,18,6,
The Wishing Lamp '23,260,,The Wishing Lamp '23 - Pink Salt,1,0,
The Wishing Lamp '23,260,,The Wishing Lamp '23 - Blue Salt,1,0,
The Wishing Lamp '23,260,,The Wishing Lamp '23 - Purple Salt,1,0,
The Wishing Lamp '23,260,,The Wishing Lamp '23 - Spray,10,0,
The Wishing Lamp '23,260,,The Wishing Lamp '23 - Mixed Salts,3,0,
The Wishing Lamp '23 LID,1248,,,,,
Twinkle '23 GCO,664,,Twinkle - Blue,70.18,23.39,
Twinkle '23 GCO,664,,Twinkle - Yellow,1.8,0.6,
Asteroid,468, astroid,Asteroid - Blue,76,25.33,
Asteroid,468, astroid,Asteroid - Red,76,25.33,
Asteroid,468, astroid,Asteroid - Silver,11,3.67,
Asteroid,468, astroid,Asteroid - Spray,8,2.67,
PartyKit-Punkin Pumpkin,62,,Pumpkin Party Kit - Green,24,8,
PartyKit-Punkin Pumpkin,62,,Pumpkin Party Kit - Orange,720,240,
PartyKit-Punkin Pumpkin,62,,Pumpkin Party Kit - Yellow,270,90,
PartyKit-Ghostie,52,,,,,
Snow Fairy Lights '23 Confetti Blue,78000,,,,,
Snow Fairy Lights '23 Confetti Orange,78000,,,,,
Snow Fairy Lights '23 Confetti Pink,78000,,,,,
Snow Fairy Lights '23 Confetti Yellow,78000,,,,,
Snow Fairy Lights '23 Confetti Green,78000,,,,,
Welcome Bath bomb,520,welcome,Welcome '23 BLUE,88.5,29.5,
Welcome Bath bomb,520,welcome,Welcome '23 GREEN,82.5,27.5,
Dreidel ,780,,,,,
Diwali Dyia Yellow insert ,884,,,,,
Diwali Dyia Main ,312,,,,,
Cempasuchil,374,,Cempasuchil - Orange,40,13.33,
Cempasuchil,374,,Cempasuchil - Red,50,16.67,
Cempasuchil,374,,Cempasuchil - Yellow,69,23,
Gary The Snail '23,416,,Gary The Snail '23 - Blue,67,22.33,
Gary The Snail '23,416,,Gary The Snail '23 - Green,5,1.67,
Gary The Snail '23,416,,Gary The Snail '23 - Pink,25,8.33,
Mermaid '23,395,,Mermaid '23 - Blue,47.5,15.83,
Mermaid '23,395,,Mermaid '23 - Green,18,6,
Mermaid '23,395,,Mermaid '23 - Pink,18,6,
Mermaid '23,395,,Mermaid '23 - Purple,40,13.33,
Mermaid '23,395,,Mermaid '23 - Yellow,40,13.33,
Belonging BAL '23,728,,Belonging - Purple,173,57.67,
Belonging MINI BAL,1560,,Belonging - Mini,86.25,28.75,
Courage BAL '23,728,,Courage - Orange,161.25,53.75,
Courage MINI BAL,1560,,Courage - Mini,83,27.67,
Empowerment BAL '23,728,,Empowerment - Red,163.5,54.5,
Empowerment MINI BAL,1560,,Empowerment - Mini Red,83,27.67,
Energy BAL '23,572,,Energy - Orange,92,30.67,
Energy BAL '23,572,,Energy - Yellow,77,25.67,
Energy MINI BAL,936,,Energy - Mini Orange,43.5,14.5,
Energy MINI BAL,936,,Energy - Mini Yellow,43.5,14.5,
Hope BAL '23,728,,Hope - White,171,57,
Hope BAL '23,728,,Hope - Spray,5,0,
Hope MINI BAL,1560,,Hope - Mini White,83,27.67,
Hope MINI BAL,1560,,Hope - Mini Spray,2.5,0,
Inspiration BAL '23,572,,Inspiration - Blue,77,25.67,
Inspiration BAL '23,572,,Inspiration - Purple,94,31.33,
Inspiration MINI BAL,936,,Inspiration - Mini Blue,41.25,13.75,
Inspiration MINI BAL,936,,Inspiration - Mini Purple,41.25,13.75,
Mischief BAL '23,572,,Mischief - Green,77,25.67,
Mischief BAL '23,572,,Mischief - Pink,94,31.33,
Mischief MINI BAL,936,,Mischief - Mini Green,43.5,14.5,
Mischief MINI BAL,936,,Mischief - Mini Pink,43.5,14.5,
Nourished BAL '23,728,,Nourished - Pink,174,58,
Nourished MINI BAL,1560,,Nourished - Mini Pink,85.5,28.5,
Peace BAL '23,728,,Peace - Blue,165,55,
Peace MINI BAL,1560,,Peace - Mini Blue,83,27.67,
Resilience BAL '23,728,,Resilience - Green,164.63,54.88,
Resilience MINI BAL,1560,,Resilience - Mini,83,27.67,
Simplicity BAL '23,728,,Simplicity - Green,165,55,
Simplicity MINI BAL,1560,,Simplicity - Mini,83,27.67,
Marigold Toner Tab,936,,,,,
Barbie,780,,Barbie - Pink,96.35,32.12,
Barbie,780,,Barbie - White,9.39,3.13,
Unicorn Poop Bath bomb'23,468,,Unicorn Poop Bath bomb'23 - Pink,70,23.33,
Unicorn Poop Bath bomb'23,468,,Unicorn Poop Bath bomb'23 - Green,11,3.67,
Unicorn Poop Bath bomb'23,468,,Unicorn Poop Bath bomb'23 - Purple,11,3.67,
Unicorn Poop Bath bomb'23,468,,Unicorn Poop Bath bomb'23 - White,41,13.67,
Unicorn Poop Bath bomb'23,468,,Unicorn Poop Bath bomb'23 - Yellow,11,3.67,
Lord Of Misrule BUB '23,40000,,,,,
Glitterball Bath Bomb v2,400,,Glitterball Bath - Pink,42.75,14.25,
Glitterball Bath Bomb v2,400,,Glitterball Bath - Blue,42.75,14.25,
Glitterball Bath Bomb v2,400,,Glitterball Bath - Lilac,70.5,23.5,
Glitterball Bath Bomb v2,400,,Glitterball Bath - Spray,10,0,
World Piece'23 GCO,600,,World Piece - Blue,85,28.33,
World Piece'23 GCO,600,,World Piece - Green,85,28.33,
Snow Fairy BAL '23 Line,676,,,,,
